product_name,ingredients,energy_kcal,protein_100g,fat_100g,carbohydrates_100g,allergens,price,rating
"Batoane de musli cu ciocolatƒÉ cu lapte, fƒÉrƒÉ adaos de zaharuri","35,4 % Vollkorngetreideflocken (Weizenflocken, Haferflocken), S√º√üungsmittel: Maltitsirup; 8,4 % Weizen-Reis-Mais-Crispies mit Kakao (Weizenmehl, Reismehl, Mais, fettarmes Kakaopulver, Gerstenmalzmehl, Speisesalz), 8% Milchschokolade mit S√º√üungsmittel [S√º√üungsmittel: Maltit; Kakaomasse, Kakaobutter, Vollmilchpulver, Emulgator: Lecithine; nat√ºrliches Vanille-Aroma], 7,9 % Weizenvollkornmehl, Sonnenblumen√∂l, Erdn√ºsse ger√∂stet gehackt, Feuchthaltemittel: Glycerin; 1,7 % Cornflakes (Mais, Speisesalz, Gerstenmalzextrakt), Speisesalz, nat√ºrliches Aroma, Emulgator: Lecithine. Kann Spuren von Soja, Schalenfr√ºchten und Sesamsamen enthalten.",,,,,"en:gluten,en:milk,en:peanuts,en:soybeans",,
Weetabix,"Vollkornweizen, Gerstenmalzextrakt, Zucker, Salz, Niacin, Eisensulfat, Vitamin b2, Vitamin b1, Fols√§ure",362.0,12.0,2.0,69.0,en:gluten,,
Chocapic üç´ strong In Chocolat√© üç´,"Farine de BL√â complet 32,8 %, sirop de glucose, sirop de sucre inverti, chocolat en poudre 10,6 % (sucre, cacao en poudre*), humectants : sirop de sorbitol, glyc√©rol ; huile de tournesol, LAIT √©cr√©m√© en poudre 5,3 %, mati√®re grasse v√©g√©tale de coco, extrait de malt d'ORGE (ORGE, ORGE malt√©), carbonate de calcium, maltodextrine, beurre de cacao*, semoule de ma√Øs, sel, farine de riz, √©mulsifiant: l√©cithines; cacao maigre en poudre*, ar√¥me naturel de vanille, antioxydant : extrait riche en tocoph√©rols ; fer, vitamines B3, B5, B9, B6 et B2. Peut contenir des FRUITS √Ä COQUE. *Bilan massique certifi√© Rainforest Alliance. www.ra.org/fr.",395.0,6.3,11.9,65.4,"en:gluten,en:milk",,
All-bran Golden Crunch,"Son de _bl√©_ (26 %), farine de riz, sucre, farine de _bl√©_, huile de tournesol, farine de ma√Øs, sel, _lait_ √©cr√©m√© en poudre, ar√¥me, extrait de malt d'_orge_, √©mulsifiants (l√©cithine de tournesol, l√©cithine de _soja_), bicarbonate d'ammonium, bicarbonate de sodium, dextrose. Vitamines et min√©raux: niacine, fer, vitamine B6, vitamine B2 (riboflavine), vitamine B1 (thiamine), acide folique, vitamine D, vitamine B12.",407.0,7.6,11.0,63.0,"en:gluten,en:milk,en:soybeans",,
So Simple Original Family Pack Porridge,quaker wholegrain rolled oats 100%,370.0,11.0,7.7,59.0,,,
Weetabix,"Y APPOUNTMENT TO MER MbrAET CEREALS MAMUFACTU WETARIX UMITED BURTON ATIMER FORMELLE DI FRUMENTO INTEGRALE CON VITAMINE E FERRO Energia 215g 12 FORMELLE : Frumento integrale (95%), estratto di orzo maltato, zucchero, sale, niacina (vitamina PP), ferro solfato, Riboflavina (vitamina B2), Tiammina (vitamina B1), acido folico. AVVERTENZE PER SOGGETTI ALLERGICI: Per gli allergeni vedere gi ingredient in grassetto. DICHIARAZIONE per NUTRIZIONALE 100g 1531 kJ 362 kcal per 1 Porzione = 2FORMELLE (37.5g) 574 kJ 136 kcal",362.0,12.0,2.0,69.0,en:gluten,,
Oak flakes,"MƒÉlai 89,9%, zahar, extract de mal»õ din Orz (gluten), sare iodatƒÉ, premix de vitamine »ôi fier (vitamina C, tiamina (Vitamina B1), riboflavina (vitamina B2), vitamina B6, vitamina B12, niacina (Vitamina B3), fier), antioxidant (ascorbil palmitat, extract de tocoferoli).",376.0,5.73,2.54,80.22,en:gluten,,
Tesco Super Smooth Porridge 750G,"Wholegrain Rolled Oats (60%), Wholegrain Oat Flour (38%), Calcium Carbonate, Niacin, Iron, Riboflavin (B2), Vitamin B6, Thiamin (B1), Folic Acid, Vitamin D, Vitamin B12.",373.0,12.0,8.7,57.6,,,
Apple & cinnamon porridge oat bar,"Wholegrain Scottish OATS (43%), butter (MILK), soft light brown sugar, golden syrup, chicory root fibre, sultanas, sunflower seeds, dried apple (4%), pumpkin seeds and cinnamon.",430.0,7.0,20.0,52.0,en:milk,,
cereale,N/A,397.0,8.5,6.2,73.5,,,
C√©r√©ales Cacao avec Quinoa,"Farine de riz bio 89%, farine de quinoa bio 9,5%, cacao en poudre bio 1,5%, thiamine (vitamine B1).",398.0,10.0,1.8,85.0,,,
Superfood breakfast boost,"Organic Hemp Seeds (25%), Organic Goldenberries (16%), Organic White Mulberries (16%), Organic Cacao Nibs (11.5%), Organic Goji berries (11%), Organic Chia Seeds (Salvia hispanica) (10%), Organic Chopped Mulberries Organic Dark Agave Syrup (2%), Organic A√ßai powder (0.5%), Organic Blueberry powder (0.5%)",441.0,16.0,25.0,32.0,,,
Fitness fruits,N/A,366.0,7.69999980926514,2.79999995231628,74.0999984741211,,,
Crunchy nut,"Maize, sugar, peanuts(6%), barley malt flavouring, molasses, honey(1%), salt. VITAMINS & MINERALS: Niacin, iron, vitamin B6, vitamin B2(riboflavin), vitamin B1(thiamin), folic acid, vitamin D, vitamin B12.",398.0,6.0,4.5,82.0,en:peanuts,,
Milled Organic flaxseed,100% organic flaxseed. ALLERGY ADVICE:,508.0,22.1,40.0,3.0,,,
All Bran Flakes,"Wheat (80%), _Wheat_ bran (20%), Sugar, Malted _barley_ extract, Salt, Niacin, Iron, Pantothenic acid (B5), Thiamin (B1), Riboflavin (B2), Vitamin B6, Folic acid, Vitamin B12.",359.0,12.0,2.5,64.0,,,
Multigrain misura,,446.0,9.3,15.0,65.0,,,
Dinosaurus a cucharadas cereales,"Cereales 61% (harina de _trigo_, harina de _centeno_, salvado de _trigo_, almid√≥n de _trigo_), az√∫car, aceite de girasol alto oleico 17%, chips de cereales 6.3% (arroz, az√∫car, gluten de _trigo_, aceite de girasol, harina de _trigo_ malteada, sal), suero l√°cteo en polvo, jarabe de glucosa y fructosa, sal, gasificantes (carbonato de sodio, carbonato de amonio), aroma, antioxidantes (E304, E306), vitaminas (tiamina, riboflavina, niacina, √°cido pantot√©nico, vitamina B6, √°cido f√≥lico, vitamina B12), sal, mineral (carbonato de calcio).",467.0,5.9,17.0,71.0,"en:gluten,en:milk",,
Wheat Bisks Just Essentials,"Wheat (95%), Barley Malt Extract, Sugar, Salt, Niacin (B3), Iron, Thiamin (B1), Riboflavin (B2), Folic Acid (B9).",359.0,13.0,2.3,68.0,,,
Lizi's Passionfruit Pistachio Cereal,"Manaeltlocken, gehacKte Hasetnusse, (1%), K√ºrbiskeme, Sonnenblumenkerne, Goldleinsamen, nat√ºrliche Aromastoffe. Allergene fett gekennzeichnet. Kann Spuren von Gluten und Erdn√ºssen enthalten. F√ºrVegetarier und Veganer geeignet. Gentechnikfrei. K√ºhl und trocken lagern. Nach Gebrauch wieder verschlie13en. Mindestens haltbar bis: siehe oben. Hergestellt in UK. (FR) C√âR√âALES GRILL√âES PR√äTES √† CONSOMMER .. FRUIT DE LA PASSION PISTACHE INGR√âDIENT' Flocons d'avoine, Huile de colza, Noix de coco d√©shydrat√©e, Fructose, Fibres de chicor√©e, Jus de pomme concentr√©, M√©lasse noire, Pistaches (3%), morceaux de noix de cajou, Flocons d'amandes, Noisettes hach√©es, Pur√©e de fruit de la passion (1%), Graines de citrouille, Graines de toumesol, Graines de lin dor√©, Ar√¥me naturel. Allerg√®nes indiqu√©s en caract√®res gras. Peut contenir des traces de gluten et de cacahu√®tes. Convient aux v√©g√©tariens et v√©g√©taliens. Sans OGM. √Ä conserver dans un endroit frais. Refermer sachet apr√®s usage. Date limite de consommati0n recommand√©e : Voir le dessus de l'emballage. Fabriqu√© au Royaume-Uni. 5 060092 030601",483.0,9.5,23.8,52.1,en:nuts,,
NESTLE CHEERIOS BIO Barres de c√©r√©ales 4x22g,"Flocons d'AVOINE compl√®te* 20,5%, chocolat blanc* 14,4% (beurre de cacao* 4,8%, inuline [fibre]*, sucre*, LAIT entier en poudre* 2,2%, √©mulsifiant : l√©cithine de tournesol*), huile de tournesol*, dextrose*, sirop de glucose*, farine d'AVOINE compl√®te* 7,4%, farine de BLE complet* 7,4%, LAIT concentr√© sucr√©* 7,0% (LAIT* 3,8%, sucre*), farine de riz*, farine d'ORGE compl√®te* 4,4%, sucre*, miel* 2,0%, amidon de BLE*, farine de ma√Øs complet* 0,5%, farine de riz complet* 0,5%, sirop de sucre inverti*, sel, farine de malt d'ORGE*, √©mulsifiant : l√©cithine de tournesol* ; m√©lasse*, antioxydant : extrait riche en tocoph√©rols ; ar√¥me naturel. *Ingr√©dients issus de l'agriculture biologique. Peut contenir du soja et des fruits √† coque.",451.0,6.7,18.8,60.6,"en:gluten,en:milk",,
Croustillant avoine chocolat,"D M√©lange de c√©r√©ales (68,9%) croustillantes et de chocolat (10%), issu de l'agriculture biologique, r√©duit en sucres&quot;.&quot;30% en moins par rapport √† Un produit similaire.  : Flocons d'avoine complets&quot; 55%, morceaux de chocolat noir 10% (p√•te de cacao&quot;, beurre de cacao&quot;, sucre de canne&quot;) sucre mi-blanc de canne**, huile de tournesol&quot;, billettes de riz extrud√©es&quot; (farine de riz&quot;7,6%, sel), farine de bl√©&quot; 6,3%, son d'avoine*&quot; 5,2%, miel&quot;, nox de coco r√†p√©e&quot;.&quot;Biologique. Peut contenir des traces d'autres c√©r√©ales contenant du gluten, de fruits√† coque, de lat, de soja, de graines s√©same el d'arachides. Conservation :A conserver √† labri de la chaleur et de humidt√©. Bien refermer le sachet apr√®s chaque utilisation.",465.0,10.0,18.0,61.0,,,
,"Atuit) STER BETH H ER PAREV DIN UK BRAN ENRICHED WHEAT FLAKES WITH SULTANAS. INGREDIENTS: Wholewheat (43%), sultanas(27%), wheat bran (13%), wholemeal flour, sugar, glucose syrup, barley malt flavouring, salt, natural flavouring. VITAMINS & MINERALS: Niacin, iron, vitamin B6, vitamin B2 (riboflavin), vitamin B1(thiamin), folic acid, vitamin D, vitamin B12. For allergens see ingredients highlighted in bold. Best before: see top.",349.0,9.3,2.0,68.0,en:gluten,,
Crunchy Sante Naturalne,100 g proizvoda:/ 1 oo g bF6d√úk√àttzturv√´rt√Øba:/ Energiasisaldus:/ Energijska vrednost :/ Ener√©√®tisk√¢ Rasvad/Ma5√´ob√©/Ta√ºki/ millest k√ºllastunud rasvhapped/ od teh aStobe/ tostarppies√¢tin√†t√†s tauksk√¢bes/ nasitene@ S√ºsivesikud/Ogljikovi hidrati/O millest suhkrud/ od teh slalorji/ tostarp cukuri/ vl√†knfr√©Z_Skjedrvielas/ (Valgud/Beljakovine/ Olbaltumvieja'/ Tiamiin/Tiamin/Tiam√Øns/ Foolhape/ Folna kislina/ Folijsk√¢be/ u-tF-'J/,422.0,7.9,12.0,67.0,,,
Oat express,flocons d'avoine complets,370.0,11.0,7.7,59.0,,,
,"FIOCCHI D'AVENA INTEGRALI - SENZA GLUTINE, specificamente formulato per persone intolleranti al glutine. Ingredienti: fiocchi d'avena integrali* senza glutine. *Prodotto biologico. Pu√≤ contenere frutta a guscio. Conservare in luogo fresco e asciutto. COPOS DE AVENA INTEGRAL - SIN GLUTEN. gredientes: copos de avena integrales* sin gluten. Producto ecol√≥gico. Puede contener frutos de c√°scara",365.0,14.0,6.9,56.0,,,
Punch balls,"Figues s√©ch√©es (figues s√©ch√©es 21,5%, farine de riz), flocons d'avoine 22%, amandes grill√©es 14%, miel 9%, graines de tournesol, graines de courbe, billes de riz, huile de tournesol, sucre, graines de lin brun, m√©lasse de canne, sel, farine de bl√©.",489.0,13.0,26.0,46.0,,,
Unknown,OvƒÉz,373.0,13.0,6.9,68.0,,,
Crunchy Balls Duo,N/A,374.0,9.3,2.6,74.8,,,
Multi grain cheerios,"Whole Grain Oats, Whole Grain Corn, Sugar, Corn Starch, Whole Grain Rice, Whole Grain Sorghum, Brown Sugar Syrup, Salt, Tripotassium Phosphate, Color (caramel color, annatto extract). Vitamin E (mixed tocopherols) Added to Preserve Freshness. Vitamins and Minerals: Calcium Carbonate, Iron and Zinc (mineral nutrients), A B Vitamin (niacinamide), Vitamin C (sodium ascorbate), A B Vitamin (calcium pantothenate), Vitamin B6 (pyridoxine hydrochloride), Vitamin B2 (riboflavin), Vitamin B1, (thiamin mononitrate), A B Vitamin (folic acid), Vitamin B12, Vitamin A (palmitate), Vitamin D3.",384.62,7.69,3.85,82.05,,,
5 korn flochen,"Fulgi integrali de grau (43%), fulgi integrali de secara (25%), fulgi integrali de ovaz (15%), fulgi integrali de orz (10%), fulgi integrali de grau spelt (7%),",332.0,11.0,2.7,60.0,,,
Porridge to go,"wholegrain rolled oat flakes (36%), wholegrain oat flour (14%), golden syrup (14%), oligofructose, brown sugar, cereal crisps (rice flour, oat flour (1%), sugar, calcium carbonate, barley malt extract), sunflower oil, emulsifiers (glycerol, soya lecithin), modified starch, ground almond flour, skimmed milk powder, antioxidant (tocopherol rich extract), raising agent (sodium bicarbonate), salt, calcium carbonate, natural flavouring, allergy advice for allergens, see ingredients in bold, also, may contain other nuts, wheat, sesame and peanuts, typical values nutrition information",407.0,6.5,13.0,62.0,,,
,"Gepuffter Weizen (58%), Zucker, Glukosesirup, Honig (2%), Sonnenblumeno Kann Erdn√ºsse, Schalenfr√ºchte, Milch - und Sojaerzeugnisse und Sesamsamen enthalten. Dieses Produkt wird nach Gewicht abgepackt, nicht nach Volumen. Schwankungen der F√ºllh√∂he sind transportbedingt. Probieren Sie Knusperone Honey Wheat mit kalter Milch, Fruchts√§ften, Joghu und frischen Fr√ºchten. Ein knusprig leckeres Fr√ºhst√ºck f√ºr die ganze Familie",391.0,8.4,2.9,80.3,,,
Basen Balance Fr√ºhst√ºcks Brei,"50% Buchweizen, 23% Hirseflockem, 8% Aprikosen getrocknet, 7% Apfelst√ºcke getrocknet, 5% Leinsamen braun, Sojaflocken, 2% Erdmandeln gemahlen, 2% Amaranth gefufft",362.0,12.0,5.4,61.0,,,
Sp√©cial K,N/A,375.0,9.0,1.5,79.0,,,
Granola choco & hazelnut,N/A,458.0,10.9,18.3,59.0,,,
Oatmeal squares,"Whole grain oat flour, whole wheat flour, brown sugar, sugar, maltodextrin, malted barley extract, molasses, salt, calcium carbonate, sodium bicarbonate, natural flavor, yellow 5, sodium ascorbate, reduced iron, yellow 6, alpha tocopheryl acetate (vitamin e), bht (preservative), niacinamide (vitamin b3), zinc oxide, thiamin mononitrate (vitamin b1), folic acid, pyridoxine hydrochloride (vitamin b6), vitamin a palmitate, riboflavin (vitamin b2).",375.0,10.7,4.46,78.6,,,
Lifalif,oatmeal,360.0,14.0,7.5,53.0,,,
Honey nut cheerios,N/A,383.0,8.8,4.9,81.0,,,
Crunchy Mix-Up,N/A,424.0,8.2,12.0,66.0,,,
Raisin bran delicious raisins perfectly balanced with crisp,"Whole grain wheat, raisins, wheat bran, sugar, brown sugar syrup. contains 2% or less of malt flavor, salt.",322.0339,8.4745762711864,1.6949152542373,79.661016949153,,,
Irish Porridge Oats Original,100% wholegrain rolled oats,371.0,11.0,5.8000001907349,64.0,,,
C√©r√©ales compl√®tes au Cacao,"Farines 86% (ma√Øs, bl√© complet 28% (gluten), millet complet) - sucre - cacao en poudre 3% - vitamine B1,",377.0,10.0,2.1,76.0,en:gluten,,
Porridge Traditional Rolled Oats,"Wholegrain Oat Flakes (59%) Dried Skimmed Milk Barley Flakes (contain Gluten) (10%) Spelt Flakes (Wheat contains Gluten) (5%) Rye Flakes (contain Gluten) (5%) Chicory Fibre Flavouring. For allergens see ingredients in bold. Suitable for vegetarians ‚óè ‚óè ‚óè ‚óè Deliciously healthy food Best enjoyed as part of a healthy lifestyle & a balanced varied diet Contains oat and barley Well been shown to lower cholesterol beta-glucans to help lower cholesterol Beta-glucans have A serving provides 1.7g of beta-glucan, 57% of the suggested daily intake of 3g. Source of Protein, which contributes to the maintenance of muscle mass",352.0,14.7,2.4,64.1,,,
protein granola,N/A,396.0,20.0,12.0,46.0,,,
Honey Toasted Organic Oat Cereal,"whole oat flour*, degerminated yellow cornmeal*, invert cane syrup*, oat fiber*, honey*, salt, expeller pressed canola oil*, natural flavor, mixed tocopherols (vitamin e) for freshness,*organic",370.0,9.1,5.4,80.6,,,
Cereales Crujientes De Avena K√∂lln,N/A,392.0,9.7,5.4,72.0,,,
Granola Super Proteine,"ingredi√´ntcn Volkoren HAVER 26&lt;, semengde zaden 26% (zonncblocmzaden 16%, pompoenzaden 8%, lijnzaad 1 %), honing 15%, raapzaadolie, AMANDELEN geroosterde kikkererwten 5%, geschaafde kokosnoot. erwt proteine.",509.0,16.7,32.0,35.7,,,
Nestl√© crunch,,403.0,7.4,7.6,72.7,,,
Weet-bix,"Wholegrain wheat 97% (Gluten),
Sugar,
Salt,
Barley malt extract (Gluten),
Vitamins (B1, B2, B3),
Electrolytic Iron",353.7285,12.4,2.9,63.0,en:gluten,,
Regular Instant Oatmeal,"Whole grain rolled oats, Whole grain oat flour, Calcium carbonate, Salt",357.0,14.3,7.14,67.9,,,
Grpund connamon,scor»õi≈üoarƒÉ mƒÉcinatƒÉ,,,,,,,
Oatpops avena integral extrusionada,N/A,383.0,11.0,5.6,68.0,,,
Tedi,N/A,377.0,9.0,4.5,71.0,,,
Super petit d√©jeuner banane et beurre de cacahu√®te,"flocons d'avoine sans gluten 49%, sarrasin moulu 15%, beurre de cacahu√®tes grill√©es 14%, banane en poudre 6%, datte en poudre, graines de chia moulues 4%, graines de lin moulues, m√ªres blanches.",386.0,14.0,14.0,51.0,,,
Nestum  zero chocolate,N/A,397.0,11.0,4.0,75.0,,,
Unknown,N/A,,,,,,,
Coco Pops Mega Pops,N/A,382.0,8.8,4.2,73.0,,,
Great Grains Cereal Cranberry Almond Crunch,"Whole grain wheat, sugar, dried cranberries (cranberries, sugar, glycerin, sunflower oil), whole grain rolled oats, almonds, rice, canola oil, corn syrup, salt, wheat flour, malted barley flour, molasses, natural flavor. bht added to preserve freshness. vitamins and minerals: ascorbic acid (vitamin c), vitamin e acetate, niacinamide (vitamin b3), reduced iron, zinc oxide (source of zinc), pyridoxine hydrochloride (vitamin b6), thiamin mononitrate (vitamin b1), vitamin a palmitate, riboflavin (vitamin b2), folic acid, vitamin b12, vitamin d3.",375.0,8.93,5.36,78.57,,,
Punaisia linssej√§,Punainen linssi. Saattaa sis√§lt√§√§ pieni√§ m√§√§ri√§ gluteenia.,337.0,26.0,1.6,47.0,,,
Granola Bio Chocolat Noir & P√©pites,"Flocons d'avoine* , Chocolat noir* 15e ( sucre* , p√¢te de cacao* , beurre de cacao*), Miel* , P√©pites de chocolat* 9√à (masse de cacao* sucre de canne* , beurre de cacao* , l√©cithine de tournesol, ar√¥me naturel de vanille* ) , Amandes enti√®res concass√©es* , Graines de s√©same* , Huile de colza* , Sel marin.",466.0,1.2,23.7,49.0,,,
Flocons davoine Complets,N/A,372.0,13.5,7.0,58.7,,,
Choco Hoops,N/A,389.0,8.7,4.3,76.0,,,
Co-op Porridge Oats,Rolled Oat Flakes,,11.5,7.75,60.0,,,
Raisin bran breakfast cereal,"whole grain wheat, raisins, wheat bran, sugar, brown sugar syrup, contains 2% or less of malt flavor, salt,",322.03389830508,8.4745762711864,1.6949152542373,79.661016949153,,,
Honey rings,"gepofte granen met honing ingredi√´nten: granen 83 % (ma√Øsgries, tarwebloem), suiker, honing 5 %, zout, natuurlijk aroma, kleurstoffen (carotenen, annatto norbixine), karamel (suiker, water), gekaramelliseerde suikerstroop, vitaminen (niacin, panthotheenzuur, riboflavin, thiamine, vitamin b6, vitamin b12, foliumzuur, biotin), ijzer, kan sporen van rogge, gerst, haver en de hybrid soorten daarvan, soya, melk, amandelen, hazelnoten, walnoten, cashewnoten, pecannoten, paranoten, pistachenoten in  macadamianoten bevatten, cereal balls puffed with honey ingredients: cereals 83 % (maize semolina, wheat flour), sugar, honey 5 %, salt, natural flavor, dyes (carotenoids, annatto norbixin), caramel (sugar, water), caramelized sugar syrup, vitamins (niacin, pantothenic acid, riboflavin, thiamine, vitamin b6, vitamin b12, folic acid, biotin), iron, may contain traces of rye , barley, oats and their hybridized strains, soybeans,  milk, almonds, hazelnuts, walnuts, cashews, pecans, brazil nuts, pistachios and macadamia nuts, puffgetreide mit honig zutaten: getreide 83 % (maisgrie√ü, weizenmehl), zucker, honig 5 %, salz, nat√ºrliches aroma, farbstoffe (carotin, annato norbixin), karamell (zucker, wasser), karamellisierter zuckersirup , vitamin (niacin, pantothens√§ure, riboflavin, thiamin, vitamin b6, vitamin b12, fols√§ure, biotin), eisen, kann spuren von roggen, gerste, hafer und hybridst√§mme davon,  soja, milch, mandeln, haseln√ºssen, waln√ºssen, kaschun√ºssen, pekann√ºssen, paran√ºssen, pistazien und macadamian√ºssen enthalten,",375.0,8.0,1.0,81.0,,,
Zobene pahuljice,Zobene pahuljice iz cijelog zrna,364.0,14.0,6.9,65.0,,,
Fitness,N/A,372.0,9.3,16.0,28.7,,,
Flakes Au Sarrasin,"Sarrasin* (97%), sucre de canne roux&quot; (&lt;2%), sel. *issus de l'agriculture biologique. Peut contenir des traces de gluten. Riche en fibres. Source de prot√©ines. Sarrasin cultiv√© en France. NL BOEKWEITFLAKES",355.0,13.0,3.0,68.0,,,
Nestle Milo Cereal Breakfast,,371.0,8.1,2.9,78.1,,,
So Simple Gluten Free Original Porridge,Quaker Wholegrain Gluten-free Rolled Oats TYPICAL,370.0,13.0,12.0,58.0,,,
Pumkin Seed & Flax Granola Cereal,"organic oats, organic
sunflower oil, organic brown rice
crisps, organic tapioca syrup
organic cane syrup, organic cane
sugar, organic flaxseed, organic
pumpkin seeds, organic brown rice
flour, kosher salt, organic spices,
may contain: tree nuts, wheat, soy
dist,",418.18181818182,9.0909090909091,16.363636363636,61.818181818182,,,
NutriGrain,"Cereals (51%)(wheat flour, oatmeal, maize flour), sugar, wheat protein, maltodextrin, molasses, oat fibre, vegetable gum (acacia gum), salt, barley malt extract, minerals (calcium carbonate, iron, zinc oxide), raising agent (potassium bicarbonate), natural flavours, natural colours (paprika, turmeric), vitamins (niacin, vitamin B6, riboflavin, folate).",,21.8,3.0,65.2,en:gluten,,
Craquant Fourr√© Cacao Noisette,"Farine de riz complet* 60%, noisettes* 13%, noix de cajou*, sucre de canne*, sucre de coco*, poudre de cacao maigre* 2%, farine de lin*",442.0,9.5,15.6,60.8,en:nuts,,
M√ºsli Riegel Haselnuss,"Hafervollkornflocken 32%, S√º√üungsmittel: Maltitsirup; Getreideextrudat (Weizenmelhl, Reismehl, Maismehl, S√º√üungsmittel: Isomalt, Sonnenblumen√∂l, Stabilisator: Calciumcarbonat; Speisesalz) zerkleinerte Haselnusskerne 10%, Cornflakes 4,1% (Mais Speisesalz, Gerstenmalzextrakt), Weizenst√§rke, Weizenvollkornflocken 2,7%, Gerstenvollkornflocken 2,7%, Kokos√∂l, Feuchthaltemittel: Glycerin, Speisesalz, nat√ºrliches Aroma, Emulgator: Lecithine; Getsernmalzextrakt",393.0,8.2,12.0,63.0,,,
Oats & Honey Granola,"whole grain rolled oats, cane sugar, canola oil, rice flour, corn syrup, molasses, whole grain brown rice flour, honey. may contain traces of milk, eggs, tree nuts, peanuts, wheat and soy",415.09433962264,9.4339622641509,11.320754716981,71.698113207547,,,
Honey Bunches of oats honey roasted,"opost consumer brands, llc 6% 6% 10% ingredients: corn, whole grain wheat, sugar, whole grain rolled oats, rice, canola and/or soybean cil, wheat flour, malted barley flour, corn syrup, salt, molasses, honey, caramel color, barley malt extract, natural and artificial flavor, annatto extract (color), bht added to preserve freshness, vitamins and minerals: reduced iron, niacinamide (vitamin b3),  vitamin a palmitate, pyridoxine hydrochloride (vitamin b6), zinc oxide, thiamin mononitrate (vitamin b1), riboflavin (vitamin b2), folic acid, vitamin d3, vitamin b12, contains wheat,",390.0,7.32,4.88,82.9,,,
Cereali con prebiotici benes√¨,N/A,390.0,13.0,12.0,44.0,,,
Pack de 6 minis c√©r√©ales,"2x 30g NESTLE NESQUIK: Ger√∂stete Getreidekost (CH: Getreidefr√ºhst√ºck) mit fettarmem Kakao/Rapeita kaakaomuropalloja vehn√§st√§ ja majssista sek√§ 7 vitamiinia, rautaa ja kalsiumia./ Spr√∂da puffar av vete, majs och kakao med 7 vitaminer, j√§mn och kalcium. 2x 40g NESTL√â LION: Ger√∂stete Getreidekost (CH: Getreidefr√ºhst√ºck) mit 6,3% Karamellcreme und Schokolade/ Vehn√§muroja kaakaolla ja karamellilla (6,3%)./ Veteflingor med kakao och kola (6,3%). 2x 30g NESTLE CINI MINIS: Ger√∂stete Getreidekost (CH: Getreidefr√ºhst√ºck) mit Zimtgeschmack / Kanelinmakuisia t√§ysjyv√§vehn√§-riisimuroja sek√§ 7 vitamiinia ja rautaa. Fullkornsvete-risflingor med kanelsmak samt 7 vitaminer och j√§rn. NESQUIK: V0085E22A CINI MINIS: V0068E23A LION: V0341E22A 200 g 6 St√ºck/ 6 Pieces F√ºllh√∂henschwankungen sind transportbedingt./ Fluctuations in fill level are transport-related. Sanytetaan kuivassa ja villeassa./Forvaras torrt och svalt. Nestle. 53% Vollko Nestle Mit 7 Vitaminen & Mineralstoffen",423.0,6.2,10.3,73.8,,,
Kellogg's Choco Krispies &#034;chocos&#034,"Farine de bl√©, Chocolat en poudre (28%)(Sucre, Cacao en poudre), Sucre, Sirop de glucose, Sel, Cannelle, Ar√¥me.",,9.0,2.5,78.0,,,
Healthy Grains Clusters Almond Butter Protein,"oats, tapioca syrup, cane sugar, soy protein isolate, brown rice, canola oil, honey, almond butter (almonds), oat flour, buckwheat, molasses, millet, amaranth, quinoa, vanilla extract, brown rice syrup, cinnamon, sea salt, vitamin e (tocopherols to maintain freshness),",385.0,15.4,7.69,63.1,en:nuts,,
NESQUIK,"MEZCLA DE CEREALES (MAIZ INTEGRAL (46.3%), SEMOLA DE MAIZ Y HARINA DE TRIGO INTEGRAL (3.3%)), AZUCAR, ALMIDON DE MAIZ, JARABE DE GLUCOSA, ACEITE DE PALMA, COCOA, JARABE DE AZUCAR  CARAMELIZADA, SAL YODADA, FOSFATO DICALCICO, FOSFATO TRISODICO Y SABORIZANTE NATURAL.
VITAMINAS Y MINERALES:
CALCIO, NIACINA, ZINC, HIERRO, ACIDO PANTOTENICO, VITAMINA D, ACIDO FOLICO, VITAMINA B1 (TIAMINA), VITAMINA B6 (PIRIDOXINA) Y VITAMINA B2 (RIBOFLAVINA).
CONTIENE GLUTEN. PUEDE CONTENER LECHE, SOYA Y SULFITOS.",,4.9,5.0,79.6,"en:gluten,en:milk,en:soybeans",,
,"C√©r√©ales cro torr√©fi√©e, beu SOURCE SANS G SUCRE SUPER NUTTY NON R ORICHE NGREDIENTS flocons davoine', pomme', beurre de cocohuete 13%, cacahuete grill√©e 8% , sucre de coco noix de coco rap√©e, huile de colza ingr√©dients issus de lagriculture biologique",351.0,11.9,18.6,35.8,,,
Cereales solubles,"Cebada (gluten) (35%), malta (gluten) (35%), achicoria (25%), centeno (gluten) (5%). AL√âRGENOS: _gluten.",338.0,3.8,0.1,73.0,en:gluten,,
Great Grains Cereal Crunchy Pecan,"Whole grain wheat, cane sugar, whole grain rolled oats, pecans, wheat flour, malted barley flour, rice flour, expeller pressed canola oil, salt, rice syrup, molasses. bht added to preserve freshness. vitamins and minerals: reduced iron, zinc oxide, niacinamide (vitamin b3), pyridoxine hydrochloride (vitamin b6), vitamin a palmitate, riboflavin (vitamin b2), thiamin mononitrate (vitamin b1), folic acid, vitamin b12, vitamin d3.",381.81818181818,9.0909090909091,10.909090909091,70.909090909091,"en:gluten,en:nuts",,
Super smooth porridge,"Oats (60%), Oat flour (38%), Calcium carbonate, Niacin, Iron, Riboflavin (B2), Vitamin B6, Thiamin (B1), Folic acid, Vitamin D, Vitamin B12.",374.0,12.0,8.7,58.0,,,
Rice Chex,"Whole Grain Rice, Rice, Sugar, Salt, Molasses Vitamin E (mixed tocopherols) Added  Vitamins and Minerals: Calcium Carbonate, Iron and Zinc (mineral nutrients), Vitamin C (sodium ascorbate), A B Vitamin (niacinamide), Vitamin B2 (riboflavin), Vitamin Be (pyridoxine hydrochloride), Vitamin B, (thiamin mononitrate), Vitamin A (palmitate), A B Vitamin (folic acid), Vitamin B12, Vitamin D3",375.0,7.5,2.5,87.5,,,
Kix Cereal,"magnesium 6% cinc 20% 20 amount in cereal. a serving of cereal plus skim milk provides 1.5 total fat, less than 5mg cholesterol, 280mg sodium, 40g total carbohydrate (10g total sugars), 7g protein, 3mcg vitamin d, 280mg calcium, 280mg potassium. the % daily value (dv) tells you how much a nutrient in a servi of food contributes to a daily diet. 2,000 calories a day is used general nutrition advice. gredients: whole grain corn, corn meal, ugar, salt, brown sugar syrup, baking sod tamin e (mixed tocopherols) added to reserve freshnees. tamins and minerels: ocalcium carbonate, on and zinc (min nutrients), vitamin c odium ascorbelo 8 vitamin (niacinamide), tamin b6 (pyridexte hydrochloride), vitamin iamin mononitrate), vitamin a (palmitate), tamin b2 (ribofiavin), a b vitamin (folic acid), tamin b12, vitamin d3.",400.0,7.5,2.5,85.0,,,
Raisin Bran,"whole grain wheat, raisins, wheat bran, sugar, wheat flour, malted barley flour, salt, vitamins and minerals: reduced iron, niacinamide (vitamin b3), zinc oxide (source of zinc), vitamin a palmitate, pyridoxine hydrochloride (vitamin b6), thiamin mononitrate (vitamin b1), riboflavin (vitamin b2), folic acid, vitamin b12, vitamin d3,",311.0,8.2,1.64,78.7,,,
Einhorn bits,N/A,435.0,9.0,13.0,68.0,,,
Instant Oatmeal,"whole grain rolled oats, sugar, natural and artificial flavors, salt, calcium carbonate (a source of calcium), guar gum, oat flour (whole), caramel color, maple sugar, brown sugar, ferric phosphate (a source of iron), niacinamide*, pyridoxine hydrochloride (vitamin b6)*, riboflavin*, vitamin a palmitate, thiamine mononitrate*, folic acid*,",372.09,9.3,4.65,76.74,,,
Gourmet Granola Vitalit√©,,440.0,12.0,14.0,68.0,,,
Grape-Nuts,"Whole grain wheat flour, malted barley flour, salt, dried yeast. vitamins & minerals: reduced iron, niacinamide, zinc oxide (source of zinc), vitamin b6, thiamin mononitrate (vitamin b1), folic acid.",362.0,10.34,1.72,81.03,,,
P√©tales Multic√©r√©ales,,378.0,8.2,2.8,77.0,,,
Le≈°njak ƒçokolino,"Grain 50% (wheat semolina, wheat flour) , sugar, powdered chocolate 9% (sugar, cocoa powder, (emulsify soy lecithin), lle≈°nici 7%, biscuits (wheat flour, sugar, yeast, refined sunflower oil, skimmed milk powder), mackekos and vitamins (tiamine mononithrate, riboflavin, pyridoxine hydrochloride, l-ascorbic acid, dl-alpha tocoferoll, folic acid, nicotinamide), contains gluten,",237.0,6.5,6.6,79.0,,,
Essential Waitrose Original Instant Oats,N/A,365.0,11.9,1.6,61.6,,,
Bokomo Weet-bix 450G,"whole wheat ( gluten ) 97%, sugar, salt, barley, malt (gluten), vitamin b1, vitamin b2, niacin, electrolytic iron",353.0,12.4,2.9,63.0,en:gluten,,
Multi-Grain Cheerios,"AVOINE ENTI√àRE, MA√èS ENTIER, SUCRE ET (OU) SUCRE DOR√â, AMIDON DE MA√èS, FARINE DE RIZ BRUN, SON DE MA√èS, FARINE DE MILLET ENTIER, FARINE DE SORGHO ENTIER, SIROP DORE, SEL, CARBONATE DE CALCIUM, PHOSPHATE TRISODIQUE, MONOGLYCERIDES, COLORANT CARAMEL ET ROCOU, TOCOPHEROLS.
VITAMINES ET MINERAUX: FER, NIACINAMIDE (VITAMINE B3), PANTOTHENATE DE CALCIUM (VITAMINE B5), CHLORHYDRATE DE PYRIDOXINE (VITAMINE B6), FOLATE.
CONTIENT DES INGR√âDIENTS DE L'AVOINE.",366.667,6.667,5.0,80.0,,,
"Kellogg's Crunchy Nut Granola,chocolate & Hazelnuts 600G","k¬Æ crunchy cereal clusters with chocolate & hazelnuts. ingredients: rolled oats(47%), sugar, palm oil, chocolate chunks(11%)(sugar, cocoa mass, cocoa butter, vegetable fat{palm, shea, sal, mango} in varying proportions, milk fat, emulsifier{soy lecithin}), wheat flour, hazelnuts(3%), dried coconut, molasses, salt, barley malt extract, cinnamon. for allergens see ingredients highlighted in bold. may contain peanuts, other nuts.",497.0,8.0,25.0,57.0,,,
Cereal Choco Krispis,"Arroz, azucares anadidos (azucar), cocoa, maltodextrina, vitaminas, minerales (calcio, vitamina C, vitamina E, hierro, vitamina A, zinc, vitamina B12, vitamina D, acido folico), malta, sal yodada, aceite vegetal, saborizantes naturales, saborizantes artificiales (vainilla, dulca) colorantes artificiales (rojo 40, amarillo 6, azul 1)",381.0,5.6,1.5,86.2,,,
